year,quarter,citymarketid_1,citymarketid_2,city1,city2,nsmiles,passengers,fare,carrier_lg,large_ms,fare_lg,carrier_low,lf_ms,fare_low,table_1_flag,location_1,location_2,location_1_city,location_2_city
2025,2,32575,30559,"Los Angeles, CA (Metropolitan Area)","Seattle, WA",978,7594.175824,195.7345869,AS,0.6002865122,201.024812,AS,0.6002865122,201.024812,-1,,,,
2025,1,32575,30559,"Los Angeles, CA (Metropolitan Area)","Seattle, WA",978,5838.666667,188.1956897,AS,0.6182157266,192.2844795,AS,0.6182157266,192.2844795,-1,,,,
2024,4,32575,30559,"Los Angeles, CA (Metropolitan Area)","Seattle, WA",978,7596.521739,196.8518601,AS,0.6258012821,201.7234704,AS,0.6258012821,201.7234704,-1,,,,
2024,3,32575,30559,"Los Angeles, CA (Metropolitan Area)","Seattle, WA",978,8595.543478,190.3391735,AS,0.612792271,194.7749747,AS,0.612792271,194.7749747,-1,,,,
2024,2,32575,30559,"Los Angeles, CA (Metropolitan Area)","Seattle, WA",978,7835.934066,199.8478775,AS,0.6204860673,200.9909481,AS,0.6204860673,200.9909481,-1,,,,
2024,1,32575,30559,"Los Angeles, CA (Metropolitan Area)","Seattle, WA",978,6134.725275,194.6901139,AS,0.6426396303,193.4793595,AS,0.6426396303,193.4793595,-1,,,,
2023,4,32575,30559,"Los Angeles, CA (Metropolitan Area)","Seattle, WA",978,7451.956522,177.6370168,AS,0.6675078036,178.0321002,AS,0.6675078036,178.0321002,-1,,,,
2023,3,32575,30559,"Los Angeles, CA (Metropolitan Area)","Seattle, WA",978,9338.586957,173.8748065,AS,0.6426933597,173.1355796,AS,0.6426933597,173.1355796,-1,,,,
2023,2,32575,30559,"Los Angeles, CA (Metropolitan Area)","Seattle, WA",978,8472.857143,187.2970209,AS,0.6292362165,186.477259,AS,0.6292362165,186.477259,-1,,,,
2023,1,32575,30559,"Los Angeles, CA (Metropolitan Area)","Seattle, WA",978,6218.222222,198.563171,AS,0.6195411336,197.5594168,AS,0.6195411336,197.5594168,-1,,,,
2022,4,32575,30559,"Los Angeles, CA (Metropolitan Area)","Seattle, WA",978,7182.5,220.1821547,AS,0.6137653415,216.3541436,AS,0.6137653415,216.3541436,-1,,,,
2022,3,32575,30559,"Los Angeles, CA (Metropolitan Area)","Seattle, WA",978,7780.869565,232.3321007,AS,0.5921993742,231.569289,AS,0.5921993742,231.569289,-1,,,,
2022,2,32575,30559,"Los Angeles, CA (Metropolitan Area)","Seattle, WA",978,7354.395604,228.9363108,AS,0.5994471423,225.3185652,AS,0.5994471423,225.3185652,-1,,,,
2022,1,32575,30559,"Los Angeles, CA (Metropolitan Area)","Seattle, WA",978,5811.333333,173.993983,AS,0.6318305227,171.0454821,AS,0.6318305227,171.0454821,-1,,,,
2021,4,32575,30559,"Los Angeles, CA (Metropolitan Area)","Seattle, WA",978,6839.782609,173.5564171,AS,0.6360963672,170.9561671,AS,0.6360963672,170.9561671,-1,,,,
2021,3,32575,30559,"Los Angeles, CA (Metropolitan Area)","Seattle, WA",978,7603.26087,147.0494396,AS,0.6493066476,145.1098175,AS,0.6493066476,145.1098175,-1,,,,
2021,2,32575,30559,"Los Angeles, CA (Metropolitan Area)","Seattle, WA",978,5124.065934,131.535613,AS,0.7146196573,129.3227297,AS,0.7146196573,129.3227297,-1,,,,
2021,1,32575,30559,"Los Angeles, CA (Metropolitan Area)","Seattle, WA",978,2110.444444,125.0042119,AS,0.7508160472,124.8430685,AS,0.7508160472,124.8430685,-1,,,,
2020,4,32575,30559,"Los Angeles, CA (Metropolitan Area)","Seattle, WA",978,2377.717391,145.3019474,AS,0.673234286,146.0110206,AS,0.673234286,146.0110206,-1,,,,
2020,3,32575,30559,"Los Angeles, CA (Metropolitan Area)","Seattle, WA",978,2395.434783,146.6819221,AS,0.676286414,148.307602,AS,0.676286414,148.307602,-1,,,,
2020,2,32575,30559,"Los Angeles, CA (Metropolitan Area)","Seattle, WA",978,928.5714286,170.0481893,AS,0.646982249,174.2652643,DL,0.220473373,172.1813741,-1,"{'type': 'Point', 'coordinates': [-118.243344, 34.052238]}","{'type': 'Point', 'coordinates': [-122.33028, 47.603229]}",,
2020,1,32575,30559,"Los Angeles, CA (Metropolitan Area)","Seattle, WA",978,5386.373626,161.6347213,AS,0.639607475,161.1580556,AS,0.639607475,161.1580556,-1,"{'type': 'Point', 'coordinates': [-118.243344, 34.052238]}","{'type': 'Point', 'coordinates': [-122.33028, 47.603229]}",,
2019,4,32575,30559,"Los Angeles, CA (Metropolitan Area)","Seattle, WA",978,8405.543478,171.1421862,AS,0.629062084,171.5181166,AS,0.629062084,171.5181166,-1,,,,
2019,3,32575,30559,"Los Angeles, CA (Metropolitan Area)","Seattle, WA",978,9158.804348,165.7904606,AS,0.605012995,165.028143,AS,0.605012995,165.028143,-1,"{'type': 'Point', 'coordinates': [-118.243344, 34.052238]}","{'type': 'Point', 'coordinates': [-122.33028, 47.603229]}",,
2019,2,32575,30559,"Los Angeles, CA (Metropolitan Area)","Seattle, WA",978,8533.406593,166.9187395,AS,0.609421279,166.7198779,AS,0.609421279,166.7198779,-1,,,,
2019,1,32575,30559,"Los Angeles, CA (Metropolitan Area)","Seattle, WA",978,7042.222222,166.7993563,AS,0.609372042,168.9718192,DL,0.198785106,165.0932614,-1,"{'type': 'Point', 'coordinates': [-118.243344, 34.052238]}","{'type': 'Point', 'coordinates': [-122.33028, 47.603229]}",,
2018,4,32575,30559,"Los Angeles, CA (Metropolitan Area)","Seattle, WA",978,8244.021739,181.1204127,AS,0.631841255,179.0648408,AS,0.631841255,179.0648408,-1,"{'type': 'Point', 'coordinates': [-118.243344, 34.052238]}","{'type': 'Point', 'coordinates': [-122.33028, 47.603229]}",,
2018,3,32575,30559,"Los Angeles, CA (Metropolitan Area)","Seattle, WA",978,9252.934783,175.756162,AS,0.61845243,172.2765761,AS,0.61845243,172.2765761,-1,"{'type': 'Point', 'coordinates': [-118.243344, 34.052238]}","{'type': 'Point', 'coordinates': [-122.33028, 47.603229]}",,
2018,2,32575,30559,"Los Angeles, CA (Metropolitan Area)","Seattle, WA",978,9269.010989,164.0194931,AS,0.608680704,161.1959974,AS,0.608680704,161.1959974,-1,"{'type': 'Point', 'coordinates': [-118.243344, 34.052238]}","{'type': 'Point', 'coordinates': [-122.33028, 47.603229]}",,
2018,1,32575,30559,"Los Angeles, CA (Metropolitan Area)","Seattle, WA",978,7240.666667,155.5514333,AS,0.555120768,155.9498383,AS,0.555120768,155.9498383,-1,"{'type': 'Point', 'coordinates': [-118.243344, 34.052238]}","{'type': 'Point', 'coordinates': [-122.33028, 47.603229]}","Los Angeles, CA (Metropolitan Area)","Seattle, WA"
2017,4,32575,30559,"Los Angeles, CA (Metropolitan Area)","Seattle, WA",978,8096.304348,157.8343608,AS,0.565247161,160.7761513,AS,0.565247161,160.7761513,-1,"{'type': 'Point', 'coordinates': [-118.243344, 34.052238]}","{'type': 'Point', 'coordinates': [-122.33028, 47.603229]}","Los Angeles, CA (Metropolitan Area)","Seattle, WA"
2017,3,32575,30559,"Los Angeles, CA (Metropolitan Area)","Seattle, WA",978,9417.934783,146.8328975,AS,0.532206128,151.8059137,DL,0.210918114,143.1385992,1,"{'type': 'Point', 'coordinates': [-118.243344, 34.052238]}","{'type': 'Point', 'coordinates': [-122.33028, 47.603229]}","Los Angeles, CA (Metropolitan Area)","Seattle, WA"
2017,2,32575,30559,"Los Angeles, CA (Metropolitan Area)","Seattle, WA",978,8959.010989,148.6093908,AS,0.564990739,148.516595,AS,0.564990739,148.516595,1,"{'type': 'Point', 'coordinates': [-118.243344, 34.052238]}","{'type': 'Point', 'coordinates': [-122.33028, 47.603229]}","Los Angeles, CA (Metropolitan Area)","Seattle, WA"
2017,1,32575,30559,"Los Angeles, CA (Metropolitan Area)","Seattle, WA",978,7428.111111,134.9857763,AS,0.560662947,136.4835254,AS,0.560662947,136.4835254,1,"{'type': 'Point', 'coordinates': [-118.243344, 34.052238]}","{'type': 'Point', 'coordinates': [-122.33028, 47.603229]}","Los Angeles, CA (Metropolitan Area)","Seattle, WA"
2016,4,32575,30559,"Los Angeles, CA (Metropolitan Area)","Seattle, WA",978,8375.108696,137.8326355,AS,0.533503783,140.6253169,AS,0.533503783,140.6253169,1,"{'type': 'Point', 'coordinates': [-118.243344, 34.052238]}","{'type': 'Point', 'coordinates': [-122.33028, 47.603229]}","Los Angeles, CA (Metropolitan Area)","Seattle, WA"
2016,3,32575,30559,"Los Angeles, CA (Metropolitan Area)","Seattle, WA",978,9702.717391,131.4677824,AS,0.505125189,138.4049967,DL,0.190701843,126.1697527,1,"{'type': 'Point', 'coordinates': [-118.243344, 34.052238]}","{'type': 'Point', 'coordinates': [-122.33028, 47.603229]}","Los Angeles, CA (Metropolitan Area)","Seattle, WA"
2016,2,32575,30559,"Los Angeles, CA (Metropolitan Area)","Seattle, WA",978,8570.21978,134.8193271,AS,0.545743631,141.3012852,DL,0.152752311,134.8076639,1,"{'type': 'Point', 'coordinates': [-118.243344, 34.052238]}","{'type': 'Point', 'coordinates': [-122.33028, 47.603229]}","Los Angeles, CA (Metropolitan Area)","Seattle, WA"
2016,1,32575,30559,"Los Angeles, CA (Metropolitan Area)","Seattle, WA",978,6637.912088,149.7570963,AS,0.587368595,151.8131595,WN,0.113964076,137.7294015,1,"{'type': 'Point', 'coordinates': [-118.243344, 34.052238]}","{'type': 'Point', 'coordinates': [-122.33028, 47.603229]}","Los Angeles, CA (Metropolitan Area)","Seattle, WA"
2015,4,32575,30559,"Los Angeles, CA (Metropolitan Area)","Seattle, WA",978,7448.586957,160.2250631,AS,0.612050725,161.2926017,WN,0.111255418,152.0305876,1,"{'type': 'Point', 'coordinates': [-118.243344, 34.052238]}","{'type': 'Point', 'coordinates': [-122.33028, 47.603229]}","Los Angeles, CA (Metropolitan Area)","Seattle, WA"
2015,3,32575,30559,"Los Angeles, CA (Metropolitan Area)","Seattle, WA",978,8122.5,164.5362801,AS,0.593440122,166.7187999,WN,0.10966585,152.5584381,1,"{'type': 'Point', 'coordinates': [-118.243344, 34.052238]}","{'type': 'Point', 'coordinates': [-122.33028, 47.603229]}","Los Angeles, CA (Metropolitan Area)","Seattle, WA"
2015,2,32575,30559,"Los Angeles, CA (Metropolitan Area)","Seattle, WA",978,7311.318681,171.1322351,AS,0.588535013,177.0781189,DL,0.11427412,164.6013153,1,"{'type': 'Point', 'coordinates': [-118.243344, 34.052238]}","{'type': 'Point', 'coordinates': [-122.33028, 47.603229]}","Los Angeles, CA (Metropolitan Area)","Seattle, WA"
2015,1,32575,30559,"Los Angeles, CA (Metropolitan Area)","Seattle, WA",978,5965.444444,164.0122893,AS,0.613458995,166.2807718,B6,0.078600831,137.1741943,1,"{'type': 'Point', 'coordinates': [-118.243344, 34.052238]}","{'type': 'Point', 'coordinates': [-122.33028, 47.603229]}","Los Angeles, CA (Metropolitan Area)","Seattle, WA"
2014,4,32575,30559,"Los Angeles, CA (Metropolitan Area)","Seattle, WA",978,6674.89,168.35,AS,0.58,173.08,VX,0.1,163.68,1,"{'type': 'Point', 'coordinates': [-118.243344, 34.052238]}","{'type': 'Point', 'coordinates': [-122.33028, 47.603229]}","Los Angeles, CA (Metropolitan Area)","Seattle, WA"
2014,3,32575,30559,"Los Angeles, CA (Metropolitan Area)","Seattle, WA",978,7772.71,169.29,AS,0.58,173.26,B6,0.08,147.63,1,"{'type': 'Point', 'coordinates': [-118.243344, 34.052238]}","{'type': 'Point', 'coordinates': [-122.33028, 47.603229]}","Los Angeles, CA (Metropolitan Area)","Seattle, WA"
2014,2,32575,30559,"Los Angeles, CA (Metropolitan Area)","Seattle, WA",978,7205.93,164.46,AS,0.58,169.75,B6,0.08,136.9,1,"{'type': 'Point', 'coordinates': [-118.243344, 34.052238]}","{'type': 'Point', 'coordinates': [-122.33028, 47.603229]}","Los Angeles, CA (Metropolitan Area)","Seattle, WA"
2014,1,32575,30559,"Los Angeles, CA (Metropolitan Area)","Seattle, WA",978,5810.33,165.94,AS,0.6,170.55,B6,0.07,137.31,1,"{'type': 'Point', 'coordinates': [-118.243344, 34.052238]}","{'type': 'Point', 'coordinates': [-122.33028, 47.603229]}","Los Angeles, CA (Metropolitan Area)","Seattle, WA"
2013,4,32575,30559,"Los Angeles, CA (Metropolitan Area)","Seattle, WA",978,6177.82,164.32,AS,0.58,168.69,VX,0.12,156.68,1,"{'type': 'Point', 'coordinates': [-118.243344, 34.052238]}","{'type': 'Point', 'coordinates': [-122.33028, 47.603229]}","Los Angeles, CA (Metropolitan Area)","Seattle, WA"
2013,3,32575,30559,"Los Angeles, CA (Metropolitan Area)","Seattle, WA",978,7094.02,166.69,AS,0.55,174.72,B6,0.12,142.85,1,"{'type': 'Point', 'coordinates': [-118.243344, 34.052238]}","{'type': 'Point', 'coordinates': [-122.33028, 47.603229]}","Los Angeles, CA (Metropolitan Area)","Seattle, WA"
2013,2,32575,30559,"Los Angeles, CA (Metropolitan Area)","Seattle, WA",978,6486.37,169.54,AS,0.58,177.8,B6,0.1,138.27,1,"{'type': 'Point', 'coordinates': [-118.243344, 34.052238]}","{'type': 'Point', 'coordinates': [-122.33028, 47.603229]}","Los Angeles, CA (Metropolitan Area)","Seattle, WA"
2013,1,32575,30559,"Los Angeles, CA (Metropolitan Area)","Seattle, WA",978,5334.44,166.19,AS,0.59,173.06,VX,0.13,157.42,1,"{'type': 'Point', 'coordinates': [-118.243344, 34.052238]}","{'type': 'Point', 'coordinates': [-122.33028, 47.603229]}","Los Angeles, CA (Metropolitan Area)","Seattle, WA"
2012,4,32575,30559,"Los Angeles, CA (Metropolitan Area)","Seattle, WA",978,5674.56,177.62,AS,0.6,183.13,VX,0.13,176.79,1,"{'type': 'Point', 'coordinates': [-118.243344, 34.052238]}","{'type': 'Point', 'coordinates': [-122.33028, 47.603229]}","Los Angeles, CA (Metropolitan Area)","Seattle, WA"
2012,3,32575,30559,"Los Angeles, CA (Metropolitan Area)","Seattle, WA",978,6119.34,176.31,AS,0.55,182.42,B6,0.1,151.61,1,"{'type': 'Point', 'coordinates': [-118.243344, 34.052238]}","{'type': 'Point', 'coordinates': [-122.33028, 47.603229]}","Los Angeles, CA (Metropolitan Area)","Seattle, WA"
2012,2,32575,30559,"Los Angeles, CA (Metropolitan Area)","Seattle, WA",978,6179.67,169.51,AS,0.57,176.85,B6,0.11,138.71,1,"{'type': 'Point', 'coordinates': [-118.243344, 34.052238]}","{'type': 'Point', 'coordinates': [-122.33028, 47.603229]}","Los Angeles, CA (Metropolitan Area)","Seattle, WA"
2012,1,32575,30559,"Los Angeles, CA (Metropolitan Area)","Seattle, WA",978,5359.89,147.57,AS,0.57,151.84,B6,0.11,118.59,1,"{'type': 'Point', 'coordinates': [-118.243344, 34.052238]}","{'type': 'Point', 'coordinates': [-122.33028, 47.603229]}","Los Angeles, CA (Metropolitan Area)","Seattle, WA"
2011,4,32575,30559,"Los Angeles, CA (Metropolitan Area)","Seattle, WA",978,5806.52,172.71,AS,0.59,160.37,VX,0.12,149.85,1,"{'type': 'Point', 'coordinates': [-118.243344, 34.052238]}","{'type': 'Point', 'coordinates': [-122.33028, 47.603229]}","Los Angeles, CA (Metropolitan Area)","Seattle, WA"
2011,3,32575,30559,"Los Angeles, CA (Metropolitan Area)","Seattle, WA",978,6679.34,168.01,AS,0.57,171.61,B6,0.1,143.15,1,"{'type': 'Point', 'coordinates': [-118.243344, 34.052238]}","{'type': 'Point', 'coordinates': [-122.33028, 47.603229]}","Los Angeles, CA (Metropolitan Area)","Seattle, WA"
2011,2,32575,30559,"Los Angeles, CA (Metropolitan Area)","Seattle, WA",978,6416.81,158.49,AS,0.56,163.85,B6,0.1,130.38,1,"{'type': 'Point', 'coordinates': [-118.243344, 34.052238]}","{'type': 'Point', 'coordinates': [-122.33028, 47.603229]}","Los Angeles, CA (Metropolitan Area)","Seattle, WA"
2011,1,32575,30559,"Los Angeles, CA (Metropolitan Area)","Seattle, WA",978,5349.88,144.47,AS,0.58,145.81,VX,0.11,132.52,1,"{'type': 'Point', 'coordinates': [-118.243344, 34.052238]}","{'type': 'Point', 'coordinates': [-122.33028, 47.603229]}","Los Angeles, CA (Metropolitan Area)","Seattle, WA"
2010,4,32575,30559,"Los Angeles, CA (Metropolitan Area)","Seattle, WA",978,5872.82,144.8,AS,0.55,147.45,VX,0.12,132.26,1,"{'type': 'Point', 'coordinates': [-118.243344, 34.052238]}","{'type': 'Point', 'coordinates': [-122.33028, 47.603229]}","Los Angeles, CA (Metropolitan Area)","Seattle, WA"
2010,3,32575,30559,"Los Angeles, CA (Metropolitan Area)","Seattle, WA",978,6588.26,160.65,AS,0.56,162.43,VX,0.12,151.31,1,"{'type': 'Point', 'coordinates': [-118.243344, 34.052238]}","{'type': 'Point', 'coordinates': [-122.33028, 47.603229]}","Los Angeles, CA (Metropolitan Area)","Seattle, WA"
2010,2,32575,30559,"Los Angeles, CA (Metropolitan Area)","Seattle, WA",978,5483.18,161.68,AS,0.61,163.84,VX,0.12,154.6,1,"{'type': 'Point', 'coordinates': [-118.243344, 34.052238]}","{'type': 'Point', 'coordinates': [-122.33028, 47.603229]}","Los Angeles, CA (Metropolitan Area)","Seattle, WA"
2010,1,32575,30559,"Los Angeles, CA (Metropolitan Area)","Seattle, WA",978,4616.88,147.3,AS,0.61,148.87,VX,0.15,135.25,1,"{'type': 'Point', 'coordinates': [-118.243344, 34.052238]}","{'type': 'Point', 'coordinates': [-122.33028, 47.603229]}","Los Angeles, CA (Metropolitan Area)","Seattle, WA"
2009,4,32575,30559,"Los Angeles, CA (Metropolitan Area)","Seattle, WA",978,5709.89,138.06,AS,0.53,142.58,VX,0.16,117.03,1,"{'type': 'Point', 'coordinates': [-118.243344, 34.052238]}","{'type': 'Point', 'coordinates': [-122.33028, 47.603229]}","Los Angeles, CA (Metropolitan Area)","Seattle, WA"
2009,3,32575,30559,"Los Angeles, CA (Metropolitan Area)","Seattle, WA",978,6665.65,147.89,AS,0.53,154.34,VX,0.15,123.85,1,"{'type': 'Point', 'coordinates': [-118.243344, 34.052238]}","{'type': 'Point', 'coordinates': [-122.33028, 47.603229]}","Los Angeles, CA (Metropolitan Area)","Seattle, WA"
2009,2,32575,30559,"Los Angeles, CA (Metropolitan Area)","Seattle, WA",978,6329.34,127.45,AS,0.57,133.37,VX,0.14,106.48,1,"{'type': 'Point', 'coordinates': [-118.243344, 34.052238]}","{'type': 'Point', 'coordinates': [-122.33028, 47.603229]}","Los Angeles, CA (Metropolitan Area)","Seattle, WA"
2009,1,32575,30559,"Los Angeles, CA (Metropolitan Area)","Seattle, WA",978,5125.11,125.11,AS,0.59,130.72,VX,0.13,101.55,1,"{'type': 'Point', 'coordinates': [-118.243344, 34.052238]}","{'type': 'Point', 'coordinates': [-122.33028, 47.603229]}","Los Angeles, CA (Metropolitan Area)","Seattle, WA"
2008,4,32575,30559,"Los Angeles, CA (Metropolitan Area)","Seattle, WA",978,5463.26,151.53,AS,0.61,155.4,VX,0.13,120.46,1,"{'type': 'Point', 'coordinates': [-118.243344, 34.052238]}","{'type': 'Point', 'coordinates': [-122.33028, 47.603229]}","Los Angeles, CA (Metropolitan Area)","Seattle, WA"
2008,3,32575,30559,"Los Angeles, CA (Metropolitan Area)","Seattle, WA",978,6863.26,159.23,AS,0.6,165.77,VX,0.1,124.8,1,"{'type': 'Point', 'coordinates': [-118.243344, 34.052238]}","{'type': 'Point', 'coordinates': [-122.33028, 47.603229]}","Los Angeles, CA (Metropolitan Area)","Seattle, WA"
2008,2,32575,30559,"Los Angeles, CA (Metropolitan Area)","Seattle, WA",978,6415.82,153.71,AS,0.64,158.05,VX,0.08,116.73,1,"{'type': 'Point', 'coordinates': [-118.243344, 34.052238]}","{'type': 'Point', 'coordinates': [-122.33028, 47.603229]}","Los Angeles, CA (Metropolitan Area)","Seattle, WA"
2008,1,32575,30559,"Los Angeles, CA (Metropolitan Area)","Seattle, WA",978,4624.28,176.48,AS,0.67,178.57,UA,0.11,161.4,1,"{'type': 'Point', 'coordinates': [-118.243344, 34.052238]}","{'type': 'Point', 'coordinates': [-122.33028, 47.603229]}","Los Angeles, CA (Metropolitan Area)","Seattle, WA"
2007,4,32575,30559,"Los Angeles, CA (Metropolitan Area)","Seattle, WA",978,4940.21,179.08,AS,0.66,180.67,UA,0.11,177.85,1,"{'type': 'Point', 'coordinates': [-118.243344, 34.052238]}","{'type': 'Point', 'coordinates': [-122.33028, 47.603229]}","Los Angeles, CA (Metropolitan Area)","Seattle, WA"
2007,3,32575,30559,"Los Angeles, CA (Metropolitan Area)","Seattle, WA",978,6147.5,174.45,AS,0.66,174.46,AS,0.66,174.46,1,"{'type': 'Point', 'coordinates': [-118.243344, 34.052238]}","{'type': 'Point', 'coordinates': [-122.33028, 47.603229]}","Los Angeles, CA (Metropolitan Area)","Seattle, WA"
2007,2,32575,30559,"Los Angeles, CA (Metropolitan Area)","Seattle, WA",978,5952.63,169.87,AS,0.68,169.29,UA,0.12,161.57,1,"{'type': 'Point', 'coordinates': [-118.243344, 34.052238]}","{'type': 'Point', 'coordinates': [-122.33028, 47.603229]}","Los Angeles, CA (Metropolitan Area)","Seattle, WA"
2007,1,32575,30559,"Los Angeles, CA (Metropolitan Area)","Seattle, WA",978,4649.22,171.79,AS,0.66,172.85,UA,0.13,155.66,1,"{'type': 'Point', 'coordinates': [-118.243344, 34.052238]}","{'type': 'Point', 'coordinates': [-122.33028, 47.603229]}","Los Angeles, CA (Metropolitan Area)","Seattle, WA"
2006,4,32575,30559,"Los Angeles, CA (Metropolitan Area)","Seattle, WA",978,5346.95,170.05,AS,0.68,168.55,UA,0.11,167.87,1,"{'type': 'Point', 'coordinates': [-118.243344, 34.052238]}","{'type': 'Point', 'coordinates': [-122.33028, 47.603229]}","Los Angeles, CA (Metropolitan Area)","Seattle, WA"
2006,3,32575,30559,"Los Angeles, CA (Metropolitan Area)","Seattle, WA",978,6035.86,183.4,AS,0.67,181.75,UA,0.1,181.31,1,"{'type': 'Point', 'coordinates': [-118.243344, 34.052238]}","{'type': 'Point', 'coordinates': [-122.33028, 47.603229]}","Los Angeles, CA (Metropolitan Area)","Seattle, WA"
2006,2,32575,30559,"Los Angeles, CA (Metropolitan Area)","Seattle, WA",978,5924.17,181.56,AS,0.65,181.86,UA,0.12,173.98,1,"{'type': 'Point', 'coordinates': [-118.243344, 34.052238]}","{'type': 'Point', 'coordinates': [-122.33028, 47.603229]}","Los Angeles, CA (Metropolitan Area)","Seattle, WA"
2006,1,32575,30559,"Los Angeles, CA (Metropolitan Area)","Seattle, WA",978,4711.55,174.8,AS,0.67,175.11,UA,0.12,161.22,1,"{'type': 'Point', 'coordinates': [-118.243344, 34.052238]}","{'type': 'Point', 'coordinates': [-122.33028, 47.603229]}","Los Angeles, CA (Metropolitan Area)","Seattle, WA"
2005,4,32575,30559,"Los Angeles, CA (Metropolitan Area)","Seattle, WA",978,5360.76,167.06,AS,0.68,167.22,UA,0.13,155.23,1,"{'type': 'Point', 'coordinates': [-118.243344, 34.052238]}","{'type': 'Point', 'coordinates': [-122.33028, 47.603229]}","Los Angeles, CA (Metropolitan Area)","Seattle, WA"
2005,3,32575,30559,"Los Angeles, CA (Metropolitan Area)","Seattle, WA",978,6253.58,170.48,AS,0.68,169.85,UA,0.11,165.37,1,"{'type': 'Point', 'coordinates': [-118.243344, 34.052238]}","{'type': 'Point', 'coordinates': [-122.33028, 47.603229]}","Los Angeles, CA (Metropolitan Area)","Seattle, WA"
2005,2,32575,30559,"Los Angeles, CA (Metropolitan Area)","Seattle, WA",978,5810.54,165.16,AS,0.69,163.57,UA,0.11,160.33,1,"{'type': 'Point', 'coordinates': [-118.243344, 34.052238]}","{'type': 'Point', 'coordinates': [-122.33028, 47.603229]}","Los Angeles, CA (Metropolitan Area)","Seattle, WA"
2005,1,32575,30559,"Los Angeles, CA (Metropolitan Area)","Seattle, WA",978,4665.11,149.52,AS,0.71,149.06,UA,0.12,139.07,1,"{'type': 'Point', 'coordinates': [-118.243344, 34.052238]}","{'type': 'Point', 'coordinates': [-122.33028, 47.603229]}","Los Angeles, CA (Metropolitan Area)","Seattle, WA"
2004,4,32575,30559,"Los Angeles, CA (Metropolitan Area)","Seattle, WA",978,5297.28,148.69,AS,0.66,148.46,UA,0.13,145.94,1,"{'type': 'Point', 'coordinates': [-118.243344, 34.052238]}","{'type': 'Point', 'coordinates': [-122.33028, 47.603229]}","Los Angeles, CA (Metropolitan Area)","Seattle, WA"
2004,3,32575,30559,"Los Angeles, CA (Metropolitan Area)","Seattle, WA",978,5695.65,158.57,AS,0.63,158.8,UA,0.14,155.08,1,"{'type': 'Point', 'coordinates': [-118.243344, 34.052238]}","{'type': 'Point', 'coordinates': [-122.33028, 47.603229]}","Los Angeles, CA (Metropolitan Area)","Seattle, WA"
2004,2,32575,30559,"Los Angeles, CA (Metropolitan Area)","Seattle, WA",978,5038.79,157.11,AS,0.66,158.61,UA,0.15,150.51,1,"{'type': 'Point', 'coordinates': [-118.243344, 34.052238]}","{'type': 'Point', 'coordinates': [-122.33028, 47.603229]}","Los Angeles, CA (Metropolitan Area)","Seattle, WA"
2004,1,32575,30559,"Los Angeles, CA (Metropolitan Area)","Seattle, WA",978,4167.03,159.95,AS,0.7,161.6,UA,0.16,148.33,1,"{'type': 'Point', 'coordinates': [-118.243344, 34.052238]}","{'type': 'Point', 'coordinates': [-122.33028, 47.603229]}","Los Angeles, CA (Metropolitan Area)","Seattle, WA"
2003,4,32575,30559,"Los Angeles, CA (Metropolitan Area)","Seattle, WA",978,5082.93,155.89,AS,0.73,156.02,UA,0.16,149.03,1,"{'type': 'Point', 'coordinates': [-118.243344, 34.052238]}","{'type': 'Point', 'coordinates': [-122.33028, 47.603229]}","Los Angeles, CA (Metropolitan Area)","Seattle, WA"
2003,3,32575,30559,"Los Angeles, CA (Metropolitan Area)","Seattle, WA",978,5368.47,158.84,AS,0.71,159.28,UA,0.15,153.23,1,"{'type': 'Point', 'coordinates': [-118.243344, 34.052238]}","{'type': 'Point', 'coordinates': [-122.33028, 47.603229]}","Los Angeles, CA (Metropolitan Area)","Seattle, WA"
2003,2,32575,30559,"Los Angeles, CA (Metropolitan Area)","Seattle, WA",978,5016.59,152.7,AS,0.72,152.59,UA,0.14,151.33,1,"{'type': 'Point', 'coordinates': [-118.243344, 34.052238]}","{'type': 'Point', 'coordinates': [-122.33028, 47.603229]}","Los Angeles, CA (Metropolitan Area)","Seattle, WA"
2003,1,32575,30559,"Los Angeles, CA (Metropolitan Area)","Seattle, WA",978,4008.88,157.89,AS,0.69,160.81,UA,0.15,150.94,1,"{'type': 'Point', 'coordinates': [-118.243344, 34.052238]}","{'type': 'Point', 'coordinates': [-122.33028, 47.603229]}","Los Angeles, CA (Metropolitan Area)","Seattle, WA"
2002,4,32575,30559,"Los Angeles, CA (Metropolitan Area)","Seattle, WA",978,5004.34,146.4,AS,0.7,148.39,UA,0.15,141.52,1,"{'type': 'Point', 'coordinates': [-118.243344, 34.052238]}","{'type': 'Point', 'coordinates': [-122.33028, 47.603229]}","Los Angeles, CA (Metropolitan Area)","Seattle, WA"
2002,3,32575,30559,"Los Angeles, CA (Metropolitan Area)","Seattle, WA",978,5541.84,142.23,AS,0.66,144.63,UA,0.2,131.08,1,"{'type': 'Point', 'coordinates': [-118.243344, 34.052238]}","{'type': 'Point', 'coordinates': [-122.33028, 47.603229]}","Los Angeles, CA (Metropolitan Area)","Seattle, WA"
2002,2,32575,30559,"Los Angeles, CA (Metropolitan Area)","Seattle, WA",978,5088.79,147.68,AS,0.68,148.03,UA,0.18,140.95,1,"{'type': 'Point', 'coordinates': [-118.243344, 34.052238]}","{'type': 'Point', 'coordinates': [-122.33028, 47.603229]}","Los Angeles, CA (Metropolitan Area)","Seattle, WA"
2002,1,32575,30559,"Los Angeles, CA (Metropolitan Area)","Seattle, WA",978,4102,145.55,AS,0.68,146.46,AS,0.68,146.46,1,"{'type': 'Point', 'coordinates': [-118.243344, 34.052238]}","{'type': 'Point', 'coordinates': [-122.33028, 47.603229]}","Los Angeles, CA (Metropolitan Area)","Seattle, WA"
2001,4,32575,30559,"Los Angeles, CA (Metropolitan Area)","Seattle, WA",978,4733.47,136.19,AS,0.64,139.31,UA,0.19,131.31,1,"{'type': 'Point', 'coordinates': [-118.243344, 34.052238]}","{'type': 'Point', 'coordinates': [-122.33028, 47.603229]}","Los Angeles, CA (Metropolitan Area)","Seattle, WA"
2001,3,32575,30559,"Los Angeles, CA (Metropolitan Area)","Seattle, WA",978,5758.26,133.37,AS,0.63,132.74,UA,0.2,132.32,1,"{'type': 'Point', 'coordinates': [-118.243344, 34.052238]}","{'type': 'Point', 'coordinates': [-122.33028, 47.603229]}","Los Angeles, CA (Metropolitan Area)","Seattle, WA"
2001,2,32575,30559,"Los Angeles, CA (Metropolitan Area)","Seattle, WA",978,5811.31,140.64,AS,0.64,139.76,AS,0.64,139.76,1,"{'type': 'Point', 'coordinates': [-118.243344, 34.052238]}","{'type': 'Point', 'coordinates': [-122.33028, 47.603229]}","Los Angeles, CA (Metropolitan Area)","Seattle, WA"
2001,1,32575,30559,"Los Angeles, CA (Metropolitan Area)","Seattle, WA",978,4945.33,151.29,AS,0.66,150.59,AS,0.66,150.59,1,"{'type': 'Point', 'coordinates': [-118.243344, 34.052238]}","{'type': 'Point', 'coordinates': [-122.33028, 47.603229]}","Los Angeles, CA (Metropolitan Area)","Seattle, WA"
2000,4,32575,30559,"Los Angeles, CA (Metropolitan Area)","Seattle, WA",978,5471.52,150.92,AS,0.62,152.08,UA,0.21,152.08,1,"{'type': 'Point', 'coordinates': [-118.243344, 34.052238]}","{'type': 'Point', 'coordinates': [-122.33028, 47.603229]}","Los Angeles, CA (Metropolitan Area)","Seattle, WA"
2000,3,32575,30559,"Los Angeles, CA (Metropolitan Area)","Seattle, WA",978,5814.67,153.51,AS,0.6,156.67,AS,0.6,156.67,1,"{'type': 'Point', 'coordinates': [-118.243344, 34.052238]}","{'type': 'Point', 'coordinates': [-122.33028, 47.603229]}","Los Angeles, CA (Metropolitan Area)","Seattle, WA"
2000,2,32575,30559,"Los Angeles, CA (Metropolitan Area)","Seattle, WA",978,5898.79,144.4,AS,0.6,144.81,AS,0.6,144.81,1,"{'type': 'Point', 'coordinates': [-118.243344, 34.052238]}","{'type': 'Point', 'coordinates': [-122.33028, 47.603229]}","Los Angeles, CA (Metropolitan Area)","Seattle, WA"
2000,1,32575,30559,"Los Angeles, CA (Metropolitan Area)","Seattle, WA",978,4544.39,141.44,AS,0.61,140.86,AS,0.61,140.86,1,"{'type': 'Point', 'coordinates': [-118.243344, 34.052238]}","{'type': 'Point', 'coordinates': [-122.33028, 47.603229]}","Los Angeles, CA (Metropolitan Area)","Seattle, WA"
1999,4,32575,30559,"Los Angeles, CA (Metropolitan Area)","Seattle, WA",978,5160,137.05,AS,0.63,136.51,AS,0.63,136.51,1,"{'type': 'Point', 'coordinates': [-118.243344, 34.052238]}","{'type': 'Point', 'coordinates': [-122.33028, 47.603229]}","Los Angeles, CA (Metropolitan Area)","Seattle, WA"
1999,3,32575,30559,"Los Angeles, CA (Metropolitan Area)","Seattle, WA",978,5739.78,137.61,AS,0.61,139.59,WN,0.1,128.11,1,"{'type': 'Point', 'coordinates': [-118.243344, 34.052238]}","{'type': 'Point', 'coordinates': [-122.33028, 47.603229]}","Los Angeles, CA (Metropolitan Area)","Seattle, WA"
1999,2,32575,30559,"Los Angeles, CA (Metropolitan Area)","Seattle, WA",978,5422.52,137.51,AS,0.6,138.89,WN,0.1,117.8,1,"{'type': 'Point', 'coordinates': [-118.243344, 34.052238]}","{'type': 'Point', 'coordinates': [-122.33028, 47.603229]}","Los Angeles, CA (Metropolitan Area)","Seattle, WA"
1999,1,32575,30559,"Los Angeles, CA (Metropolitan Area)","Seattle, WA",978,4338.33,141.6,AS,0.62,141.93,AS,0.62,141.93,1,"{'type': 'Point', 'coordinates': [-118.243344, 34.052238]}","{'type': 'Point', 'coordinates': [-122.33028, 47.603229]}","Los Angeles, CA (Metropolitan Area)","Seattle, WA"
1998,4,32575,30559,"Los Angeles, CA (Metropolitan Area)","Seattle, WA",978,4994.56,129.74,AS,0.65,127.79,AS,0.65,127.79,1,"{'type': 'Point', 'coordinates': [-118.243344, 34.052238]}","{'type': 'Point', 'coordinates': [-122.33028, 47.603229]}","Los Angeles, CA (Metropolitan Area)","Seattle, WA"
1998,3,32575,30559,"Los Angeles, CA (Metropolitan Area)","Seattle, WA",978,5748.04,127.1,AS,0.63,127.35,AS,0.63,127.35,1,"{'type': 'Point', 'coordinates': [-118.243344, 34.052238]}","{'type': 'Point', 'coordinates': [-122.33028, 47.603229]}","Los Angeles, CA (Metropolitan Area)","Seattle, WA"
1998,2,32575,30559,"Los Angeles, CA (Metropolitan Area)","Seattle, WA",978,5339.89,127.17,AS,0.62,130.15,WN,0.11,92.27,1,"{'type': 'Point', 'coordinates': [-118.243344, 34.052238]}","{'type': 'Point', 'coordinates': [-122.33028, 47.603229]}","Los Angeles, CA (Metropolitan Area)","Seattle, WA"
1998,1,32575,30559,"Los Angeles, CA (Metropolitan Area)","Seattle, WA",978,4159.44,136.43,AS,0.61,139.66,WN,0.11,103.06,1,"{'type': 'Point', 'coordinates': [-118.243344, 34.052238]}","{'type': 'Point', 'coordinates': [-122.33028, 47.603229]}","Los Angeles, CA (Metropolitan Area)","Seattle, WA"
1997,4,32575,30559,"Los Angeles, CA (Metropolitan Area)","Seattle, WA",978,4847.82,130.33,AS,0.59,132.96,UA,0.21,127.81,1,"{'type': 'Point', 'coordinates': [-118.243344, 34.052238]}","{'type': 'Point', 'coordinates': [-122.33028, 47.603229]}","Los Angeles, CA (Metropolitan Area)","Seattle, WA"
1997,3,32575,30559,"Los Angeles, CA (Metropolitan Area)","Seattle, WA",978,5575.1,126.18,AS,0.59,127.45,AS,0.59,127.45,1,"{'type': 'Point', 'coordinates': [-118.243344, 34.052238]}","{'type': 'Point', 'coordinates': [-122.33028, 47.603229]}","Los Angeles, CA (Metropolitan Area)","Seattle, WA"
1997,2,32575,30559,"Los Angeles, CA (Metropolitan Area)","Seattle, WA",978,4668.46,122.06,AS,0.58,122.36,AS,0.58,122.36,1,"{'type': 'Point', 'coordinates': [-118.243344, 34.052238]}","{'type': 'Point', 'coordinates': [-122.33028, 47.603229]}","Los Angeles, CA (Metropolitan Area)","Seattle, WA"
1997,1,32575,30559,"Los Angeles, CA (Metropolitan Area)","Seattle, WA",978,4081.88,110.81,AS,0.56,109.36,AS,0.56,109.36,1,"{'type': 'Point', 'coordinates': [-118.243344, 34.052238]}","{'type': 'Point', 'coordinates': [-122.33028, 47.603229]}","Los Angeles, CA (Metropolitan Area)","Seattle, WA"
1996,4,32575,30559,"Los Angeles, CA (Metropolitan Area)","Seattle, WA",978,4553.47,104.06,AS,0.56,106.19,UA,0.2,104.95,1,"{'type': 'Point', 'coordinates': [-118.243344, 34.052238]}","{'type': 'Point', 'coordinates': [-122.33028, 47.603229]}","Los Angeles, CA (Metropolitan Area)","Seattle, WA"
1996,3,32575,30559,"Los Angeles, CA (Metropolitan Area)","Seattle, WA",978,6121.84,103.18,AS,0.61,107.41,UA,0.18,103.78,1,"{'type': 'Point', 'coordinates': [-118.243344, 34.052238]}","{'type': 'Point', 'coordinates': [-122.33028, 47.603229]}","Los Angeles, CA (Metropolitan Area)","Seattle, WA"
1996,2,32575,30559,"Los Angeles, CA (Metropolitan Area)","Seattle, WA",978,4824.28,109.19,AS,0.58,114.01,WN,0.11,72.44,1,"{'type': 'Point', 'coordinates': [-118.243344, 34.052238]}","{'type': 'Point', 'coordinates': [-122.33028, 47.603229]}","Los Angeles, CA (Metropolitan Area)","Seattle, WA"
1996,1,32575,30559,"Los Angeles, CA (Metropolitan Area)","Seattle, WA",978,3760.1,105.93,AS,0.59,110.5,WN,0.1,83.88,1,"{'type': 'Point', 'coordinates': [-118.243344, 34.052238]}","{'type': 'Point', 'coordinates': [-122.33028, 47.603229]}","Los Angeles, CA (Metropolitan Area)","Seattle, WA"
